"TIC ID","TOI","CTOI","Master priority","SG1A priority","SG1B priority","SG2 priority","SG3 priority","SG4 priority","SG5 priority","ESM","TSM","Predicted Mass (M_Earth)","Time Series Observations","Spectroscopy Observations","Imaging Observations","TESS Disposition","TFOPWG Disposition","TESS mag","TESS mag error","Pipeline Signal ID","Source","Detection","RA (deg)","Dec (deg)","PM RA (mas/yr)","PM RA error","PM Dec (mas/yr)","PM Dec error","Transit Epoch (BJD)","Transit Epoch error","Period (days)","Period error","Duration (hours)","Duration error","Depth (mmag)","Depth (mmag) error","Depth (ppm)","Depth (ppm) error","Planet Radius (R_Earth)","Planet Radius error","Planet Insolation (Earth flux)","Planet Eq Temp (K)","Planet SNR","Stellar Distance (pc)","Stellar Distance error","Stellar Teff (K)","Stellar Teff error","Stellar log(g) (cm/s2)","Stellar log(g) error","Stellar Radius (R_Sun)","Stellar Radius error","Stellar Metallicity","Stellar Metallicity error","Stellar Mass (M_Sun)","Stellar Mass error","Sectors","Comments","Date TOI Alerted (by TESS Project)","Date TOI Updated (by TESS Project)","Date Modified (by ExoFOP-TESS)"
"320525204","1140.01","","5","5","5","5","5","5","5","58.1","243.4","101.51","0","2","2","EB","FP","8.88797","0.006","1","qlp-s82-ffi","QLP","264.961539","56.078974","-4.979","0.038","13.371","0.041","2460555.403522","0.0001356","13.7431134","0.000002","2.291","0.066","6.257725","0.289838","5747","266.915","12.2235","","84.3134","844","307","121.182","0.27","5941.5","161.9","","","1.34","","","","1.122","","14,15,16,17,18,19,20,21,23,24,25,26,40,41,47,48,49,50,51,52,53,54,55,57,58,59,60,73,74,75,76,77,78,80,81,82","TICv8 JOIN with TOI 1344.01 (TIC 1400770435); SPOC s14-s41 shows a 600 ppm eccentric secondary; retired as FP","2019-08-27","2024-09-30","2024-10-01"
"284450803","1142.01","","5","5","5","5","5","5","5","650.6","2190","317","2","1","0","EB","FP","8.64028","0.009","1","qlp-s74-ffi","QLP","290.708965","56.615386","6.716","0.113","-14.218","0.101","2460335.937572","0.0039841","3.3686634","0.0000219","3.012","0.601","3.575782","4.031355","3288","3706.13","42.2321","4.12898","9856.24","2775","212","299.294","3.7665","7518","143.2","3.82","0.09","2.68","0.1","","","1.735","0.288743","14,15,16,20,23,26,40,41,47,50,53,54,56,57,59,60,73,74","synced phase modulations; 30 sigma odd-even; v-shaped transits; large radius; TFOP FP; retired as EB","2019-08-27","2024-03-04","2024-03-16"
"288391628","1147.01","","5","5","5","5","5","5","5","565.9","2145.8","317","3","2","2","EB","FP","8.36544","0.006","1","qlp-s74-ffi","QLP","266.962207","83.428826","0.631","0.116","34.935","0.171","2460331.315598","0.0038507","10.9278415","0.0000602","2.468","0.713","2.982266","6.521139","2743","5988.19","49.1695","6.71322","270.142","1129","126","218.258","3.317","6259","130.9","3.59","0.09","2.92","0.14","","","1.217","0.17988","14,18,19,20,21,25,40,41,47,52,53,59,60,73,74","Too large to be a planet for this period (46 RE from MCMC); TFOP FP/ retired as EB","2019-08-27","2024-03-04","2024-03-16"
"154840461","1153.01","","5","5","5","5","3","5","5","52.9","210.4","70.24","0","1","2","PC","APC","8.40534","0.006","1","qlp-s79-ffi","SPOC/QLP","182.691562","85.705076","-14.194","0.065","-2.275","0.051","2460472.256051","0.0008825","6.0360758","0.0000036","1.255","0.167","1.072151","0.504454","987","464.511","9.86763","0.886548","464.097","1293","57","147.134","0.6185","6528.3","179.4","4.21","0.09","1.69","0.06","","","1.689","0.315726","14,19,20,26,40,47,53,59,60,73,74,79","TFOP SB1/APC; v-shaped; possibly synchronized","2019-08-27","2024-08-29","2024-08-31"
"1717732429","1172.01","","5","5","5","5","5","5","5","","","317","0","1","0","EB","FP","10.3018","0.007","1","qlp-s79-ffi","QLP","282.474539","55.26639","0.76","0.181","-8.188","0.171","2460477.917351","0.0005193","7.8513734","0.0000061","6.727","0.105","24.153973","0.46782","22001","430.785","","","","","141","875.061","74.2245","","","","","","","","","","","14,15,16,19,22,23,25,26,40,41,49,52,53,54,55,56,57,58,59,60,73,74,75,76,79","TFOP FP","2019-08-27","2024-08-06","2024-08-07"
"230088370","1176.01","","4","4","4","4","4","4","4","26.6","110.3","109.48","8","3","5","PC","PC","10.1772","0.008","1","qlp-s56-ffi","SPOC/QLP","247.35668","71.505873","-16.259","0.033","5.101","0.036","2460488.345331","0.0076771","14.007564","0.0001513","5.759","0.04","6.719744","0.028561","6170","26.305","12.764","0.537652","200.505","1048","173","295.561","1.773","6557.7","83.3","4.18","0.09","1.57","0.07","","","1.38","0.232595","14,15,17,18,19,20,21,22,23,24,25,26,40,41,47,48,49,50,51,52,54,55,56,57,58,59,60,73,74,75,76,77,78,79,80","variable fast rotating host","2019-08-27","2024-08-29","2024-08-29"
"158002130","1180.01","","1","4","4","1","4","4","4","4.9","67.3","9.25","6","14","6","PC","PC","10.112","0.006","1","qlp-s79-ffi","SPOC/QLP","214.555774","82.193764","84.408","0.045","-64.898","0.043","2460473.411486","0.0010904","9.6867516","0.0000103","2.512","0.497","1.813608","0.042519","1669","39.161","3.00336","0.218103","41.6645","707","52","72.0238","0.13235","4738.1","139.3","4.59","0.1","0.73","0.05","","","0.75","0.0934299","14,19,20,21,26,40,41,47,48,53,59,60,73,74,75,79","L1 candidate","2019-08-27","2024-10-09","2024-10-26"
"229510866","1181.01","","4","5","5","4","4","4","4","119.1","121.4","317","12","17","5","CP","CP","10.079","0.009","1","qlp-s75-ffi","QLP","297.215817","64.354351","-5.676","0.084","0.188","0.066","2459933.703375","0.0001437","2.1031942","8e-7","3.993","0.091","7.762468","0.091881","7124","84.6223","16.7087","0.75644","3297.3","2111","9","302.819","3.502","6122","124.7","3.93","0.08","1.93","0.09","","","1.16","0.164212","14,15,17,18,19,20,21,22,23,24,25,26,40,41,47,48,49,50,51,52,53,54,55,56,57,58,59,60,73,74,75","TOI-1181 b","2019-08-27","2024-05-16","2024-06-01"
"258777137","1183.01","","5","5","5","5","5","5","5","90.1","308.8","92.23","0","6","2","EB","FP","9.9478","0.007","1","qlp-s75-ffi","SPOC/QLP","286.74712","71.712377","-20.36","2","17.32","2","2460358.094788","0.0006768","5.9294073","0.0000024","3.315","0.049","11.225716","0.118735","10286","109.353","11.5196","","456.893","","389","112.868","","5095.6","1241.5","","","1.06","","","","","","14,15,16,17,18,19,20,21,22,23,24,25,26,40,41,47,48,49,50,51,53,54,55,56,57,58,59,60,73,74,75","TFOPWG FP Retired as NEB;  released three times with same ephemeris as TIC 1718201850 (TOI-1351.01 T=10.33) TIC 258777137 (TOI-1183.01 T=9.95) and TIC 258777134 (TOI-1299.01 T=10.45); TIC 1718201850 (TOI-1351.01 T=10.33) remains active others are retired","2019-08-27","2024-04-24","2024-04-30"
"233087860","1184.01","","1","4","4","4","4","1","4","5.2","66.3","5.87","7","10","8","PC","PC","9.9469","0.006","1","qlp-s75-ffi","QLP","272.20452","60.678785","64.887","0.042","138.082","0.045","2460362.901553","0.0006963","5.7484351","0.0000038","1.654","0.071","1.140622","0.027782","1050","25.5877","2.28087","0.18708","24.3319","618","52","58.5946","0.0779","4534","127.6","4.61","0.1","0.69","0.06","","","0.71","0.084812","14,15,16,17,18,19,20,21,22,24,25,26,40,41,47,48,49,50,51,52,53,54,55,56,57,58,59,60,73,75","multiple stars in pixel; variable host","2019-08-27","2024-05-16","2024-06-01"
"287196418","1190.01","","5","5","5","5","1","5","5","84.1","104.7","317","0","0","0","PC","APC","9.80529","0.006","1","qlp-s74-ffi","SPOC/QLP","292.734132","59.403853","0.983","0.045","0.492","0.044","2460346.965304","0.0010296","3.6950125","0.000005","4.316","0.058","8.476775","0.105852","7777","97.4881","14.7543","0.612771","2029.32","1869","233","280.948","1.884","7106.7","186.5","4.2","0.08","1.63","0.07","","","1.532","0.249804","14,16,17,20,21,23,24,26,40,41,47,49,50,51,53,54,55,56,57,58,59,60,73,74","variable host star; TFOP APC/BEB","2019-08-27","2024-04-01","2024-04-05"
"288185138","1200.01","","5","5","5","5","5","5","5","45","155.2","34.67","4","3","0","EB","FP","10.402","0.006","1","qlp-s75-ffi","QLP","222.841424","82.952258","-32.468","0.111","28.147","0.083","2460365.995576","0.0006568","0.8352406","0.0000016","1.043","0.149","2.244363","0.322882","2065","297.341","6.4875","0.517136","5021.63","2345","96","224.444","1.993","6105","142.2","4.31","0.08","1.24","0.06","","","1.149","0.153486","14,19,21,26,40,41,47,48,52,53,59,60,73,74,75","TFOP FP/retired as EB; v-shaped; odd-even transit difference","2019-08-27","2024-04-17","2024-04-30"
"237222864","1255.01","","1","5","5","1","4","4","4","4.9","69.5","7.86","1","27","6","CP","CP","9.1416","0.006","1","qlp-s74-ffi","SPOC/QLP","296.24462","74.062858","18.618","0.036","28.014","0.046","2460337.877095","0.0009593","10.2888871","0.0000102","1.425","0.345","0.938482","0.036616","864","33.7236","2.73221","0.174198","25.0029","622","44","65.9501","0.1013","5126","124.385","4.49772","0.0845762","0.87","0.05","","","0.86","0.104376","14,15,16,17,19,20,21,22,23,24,25,26,40,41,47,49,50,51,52,53,54,55,56,57,58,59,60,73,74","HIP 97166 b / TOI 1255 b","2019-10-17","2024-04-01","2024-04-05"
"199688472","1292.01","","5","5","5","5","5","5","5","267.6","256.1","317","1","2","0","EB","FP","9.84566","0.006","1","qlp-s74-ffi","QLP","253.14033","57.97415","3.224","0.246","33.814","0.301","2460351.142333","0.0018086","1.4412175","0.0000046","1.666","0.134","14.126819","0.460315","12927","423.876","17.0442","0.982769","1160.55","1626","586","190.403","4.476","5672.9","168.9","4.13","0.08","1.46","0.08","","","1.038","0.130808","14,15,16,17,18,19,20,21,22,23,25,26,40,41,47,48,49,50,51,52,53,54,55,56,57,58,59,60,73,74","odd-even indicates likely FP; TFOP FP","2019-10-17","2024-03-03","2024-03-16"
"232679662","1305.01","","5","5","5","5","5","5","5","272.7","1030.1","317","0","0","2","EB","FP","10.3018","0.007","1","qlp-s79-ffi","QLP","282.474539","55.26639","0.76","0.181","-8.188","0.171","2460477.917179","0.0006387","7.8513729","0.0000072","6.726","0.124","23.325","0.521235","21254","479.96","","","","","138","875.061","74.2245","","","","","","","","","","","14,15,16,19,22,23,25,26,40,41,49,52,53,54,55,56,57,58,59,60,73,74,75,76,79","TFOP FP; Might be on other star; possible secondary and odd-even","2019-10-17","2024-08-15","2024-08-16"
"269701147","1339.01","","1","5","5","1","4","4","4","10.8","127.4","10.41","8","34","6","CP","CP","8.2929","0.006","1","qlp-s76-ffi","SPOC/QLP","302.025625","66.850301","150.256","0.044","-63.909","0.047","2460384.855668","0.0005835","8.8803096","0.0000044","2.754","0.028","1.313449","0.01562","1209","14.3863","3.20473","0.162879","57.5149","767","81","53.6089","0.0732","5555.7","313.7","4.49","0.08","0.92","0.05","","","0.95","0.119246","15,16,17,18,19,21,22,24,25,41,48,49,51,52,55,56,59,60,73,75,76","HD 191939 b / TOI 1339.01","2019-10-30","2024-05-16","2024-06-01"
"269701147","1339.02","","1","5","5","1","4","4","4","2.4","63.4","7.1","8","34","6","CP","CP","8.2929","0.006","2","qlp-s60-ffi","SPOC","302.025625","66.850301","150.256","0.044","-63.909","0.047","2460326.542627","0.0016737","28.580356","0.0000452","4.038","0.28","0.977603","0.024053","900","22.1538","2.55979","0.13622","12.8234","527","37","53.6089","0.0732","5555.7","313.7","4.49","0.08","0.92","0.05","","","0.95","0.119246","15,16,17,18,19,21,22,24,25,41,48,49,51,52,55,56,59,60,73,75","HD 191939 c / TOI 1339.02","2019-10-30","2024-05-16","2024-05-17"
"269701147","1339.03","","1","4","1","2","4","4","4","1.9","59.2","7.37","8","34","6","CP","CP","8.2929","0.006","3","qlp-s60-ffi","SPOC","302.025625","66.850301","150.256","0.044","-63.909","0.047","2459894.122181","0.0015641","38.3522568","0.0000993","5.317","1.191","0.926528","0.043604","853","40.1597","2.6167","0.153369","25.3934","625","38","53.6089","0.0732","5555.7","313.7","4.49","0.08","0.92","0.05","","","0.95","0.119246","15,16,17,18,19,21,22,24,25,41,48,49,51,52,55,56,59,60,73","HD 191939 d","2019-11-15","2024-05-16","2024-05-17"
"1400770435","1344.01","","5","5","5","5","5","5","5","91.5","154.3","317","0","0","0","EB","FP","8.88797","0.006","1","qlp-s82-ffi","QLP","264.961539","56.078974","-4.979","0.038","13.371","0.041","2460555.403558","0.000708","13.7431164","0.0000081","2.439","0.26","5.17608","1.051063","4756","967.596","16.0334","0.71818","111.168","904","241","121.182","0.27","5941.5","161.9","4.23","0.08","1.4","0.01","","","","","14,15,16,17,18,19,20,21,23,24,25,26,40,41,47,48,49,50,51,52,53,54,55,57,58,59,60,73,74,75,76,77,78,80,81,82","TICv8 JOIN; refer to TOI 1140.01 (TIC 320525204); v-shaped","2019-10-30","2024-09-30","2024-10-01"
"1718201850","1351.01","","5","5","5","5","1","5","5","58.1","215.1","93.77","0","0","0","PC","APC","10.3267","0.02","1","qlp-s80-ffi","QLP","286.746549","71.712195","-42.869","1.094","2.803","1.441","2460500.408771","0.0014278","5.9294711","0.0000129","3.647","0.342","15.948773","0.626541","14582","576.899","","","","","383","125.308","16.6305","","","","","","","","","","","14,15,16,17,18,19,20,21,22,23,24,25,26,40,41,47,48,49,50,51,53,54,55,56,57,58,59,60,73,74,75,76,77,79,80","variable star; unknown stellar radius; likely too large to be PC given Rp/R* ~ 10%; ~400 ppm secondary; TFOP APC/SB1","2019-10-30","2024-08-29","2024-08-31"
"230017325","1363.01","","5","5","5","5","5","5","5","14.5","35.5","113.56","0","3","4","O","FP","10.3843","0.007","1","qlp-s82-ffi","QLP","291.469121","61.776068","-6.849","0.06","-8.871","0.046","2460552.289549","0.0011799","9.6926439","0.000011","2.709","0.364","1.518921","0.045327","1398","41.7465","13.0906","0.687767","87.6527","852","47","615.12","10.067","6012","128.6","3.39","0.08","3.51","0.17","","","1.11","0.154299","14,15,16,17,18,19,20,21,23,24,25,26,40,41,47,48,49,50,51,52,53,54,55,56,57,58,59,60,73,74,75,76,77,78,79,80,81,82","TFOP FP; retired as NPC; signal on 230017324.01 (TOI-1280.01)","2019-10-30","2024-09-30","2024-10-01"
"367099243","1365.01","","5","5","5","5","5","5","5","291.2","439.5","317","2","2","0","EB","FP","10.4849","0.006","1","qlp-s77-ffi","QLP","317.729186","72.615356","-25.691","0.047","-13.894","0.045","2460421.898853","0.0003308","1.8286961","6e-7","3.37","0.263","7.936352","4.756297","7283","4371.13","21.4433","2.03926","18194.7","3235","126","244.318","1.586","6046.3","179.4","4.43","0.11","1.23","0.05","","","1.484","0.320987","16,17,18,19,24,25,52,57,58,59,73,77","V-shaped; depth-aperture correlation; TFOP FP/NEB","2019-10-30","2024-07-25","2024-08-16"
"364186197","1408.01","","3","5","5","3","4","4","4","42.1","172.7","49.55","18","19","2","CP","CP","8.82374","0.006","1","qlp-s79-ffi","SPOC/QLP","313.511047","72.580646","11.808","0.045","28.759","0.045","2460475.345922","0.0001903","4.424712","0.000001","1.215","0.178","2.64155","0.123057","2430","113.333","8.05593","0.649397","271.896","1131","126","139.484","0.4175","6594","709.2","4.23","0.16","1.49","0.11","","","1.375","0.406981","16,17,18,19,24,25,52,57,58,59,73,76,77,78,79","TOI-1408 b","2019-11-06","2024-08-23","2024-08-31"
"364186197","1408.02","","5","5","5","5","5","5","5","1.8","3.7","2.52","18","19","2","PC","KP","8.82374","0.006","2","qlp-s79-ffi","SPOC/QLP","313.511047","72.580646","11.808","0.045","28.759","0.045","2460479.047419","0.0052675","2.2222094","0.0000128","2.461","0.554","0.094463","0.009866","87","9.08663","1.39527","0.138361","2005.35","1864","9","139.484","0.4175","6594","709.2","4.23","0.16","1.49","0.11","","","1.375","0.406981","16,17,18,19,24,25,52,57,58,59,73,76,77,78,79","Close to the period of TOI-1408 c discovered via TTVs (Korth et al 2024); difference between QLP period and published period likely due to significant TTVs","2024-09-24","2024-09-24","2024-10-02"
"237232044","1443.01","","2","4","2","2","4","4","4","1.1","33.8","5.19","0","15","5","CP","PC","9.9377","0.006","1","qlp-s80-ffi","SPOC","297.398678","76.139178","-88.066","0.047","21.781","0.056","2460482.338864","0.0019973","23.5406962","0.0000507","4.065","0.313","1.03846","0.037301","956","34.355","2.13419","0.134748","16.1306","558","32","85.8034","0.2054","5236","125.328","4.63898","0.0858843","0.75","0.04","","","0.89","0.112315","14,16,17,18,19,20,23,24,25,26,40,47,49,50,52,53,54,57,58,59,60,73,74,76,77,78,79,80","TOI-1443 b","2019-11-14","2024-08-29","2024-08-31"
"198390247","1453.01","","2","4","4","2","4","4","4","3.9","55.2","5.72","7","4","6","PC","PC","10.1426","0.006","1","qlp-s74-ffi","SPOC/QLP","258.22327","57.197778","-71.005","0.036","-0.024","0.039","2460344.15117","0.0016044","6.5886803","0.0000104","1.846","0.353","1.005858","0.053442","926","49.2207","2.25636","0.166121","105.424","892","33","78.7415","0.11935","4920","127","4.64","0.09","0.71","0.05","","","0.81","0.0962979","14,15,16,17,19,20,21,22,23,24,25,26,40,41,47,49,50,51,52,53,54,56,57,59,60,73,74","possible multi","2019-11-14","2024-04-01","2024-04-12"
"198390247","1453.02","","2","4","4","2","4","4","4","1.4","4.6","1.5","7","4","6","PC","PC","10.1426","0.006","2","qlp-s74-ffi","SPOC","258.22327","57.197778","-71.005","0.036","-0.024","0.039","2460333.250353","0.0031496","4.3135259","0.0000134","1.921","0.228","0.286672","0.018272","264","16.8294","1.12982","0.0887197","87.5472","852","14","78.7415","0.11935","4920","127","4.64","0.09","0.71","0.05","","","0.81","0.0962979","14,15,16,17,19,20,21,22,23,24,25,26,40,41,47,49,50,51,52,53,54,56,57,59,60,73,74","potential multi; slight depth-aperture correlation","2020-02-21","2024-04-01","2024-04-12"
"421308357","1479.01","","5","5","5","5","5","5","5","23.2","37.2","317","1","0","0","EB","FP","10.364","0.007","1","qlp-s74-ffi","QLP","288.818098","57.760569","-2.124","0.043","2.593","0.044","2460319.940069","0.0253609","16.6828999","0.0005765","1.804","0.45","2.232396","1.482173","2054","1364.2","17.1854","3.41104","15.2595","550","63","531.96","7.076","6423","83.8","3.74","0.09","2.63","0.12","","","1.38","0.229392","14,15,16,17,19,20,22,23,24,26,40,41,47,49,50,53,54,55,56,57,58,59,60,73,74","V-shaped. Highly likely EB. Rp>40Re. TFOP FP/EB","2019-12-05","2024-03-04","2024-03-16"
"302773669","1573.01","","5","5","5","5","5","5","5","75.8","333","114.67","0","4","4","KP","KP","7.6353","0.006","1","qlp-s79-ffi","QLP","42.436612","71.753088","90.982","0.064","-33.197","0.062","2460463.952965","0.0008474","21.216464","0.0000324","3.045","0.254","7.079229","0.167385","6499","154.155","13.1431","0.688533","18.9464","581","277","78.0863","0.239","5925","89.5","4.1","0.08","1.55","0.08","0.2","0.1","1.1","0.142761","18,19,25,52,59,73,79","HD 17156 b","2019-12-19","2024-08-29","2024-08-31"
"219776325","1610.01","","2","4","4","2","4","4","4","3.5","32.4","5.99","5","5","6","PC","PC","10.3727","0.006","1","qlp-s80-ffi","QLP","263.543417","61.121472","3.627","0.041","42.121","0.048","2460506.091547","0.0020581","2.5287985","0.000005","1.294","0.323","0.390935","0.025021","360","23.0446","2.3241","0.139042","293.062","1152","20","191.957","0.7715","5740.2","119.6","4.3","0.08","1.19","0.06","0.187804","0.0123305","1.026","0.131102","14,15,16,17,18,19,20,21,22,23,24,25,26,40,41,47,48,49,50,51,52,53,54,55,56,57,59,60,73,74,75,76,77,78,79,80","L1 candidate; variable host","2019-12-19","2024-08-29","2024-08-31"
"264678534","1611.01","","1","5","5","1","4","4","4","5.5","119.5","6.18","3","27","3","CP","CP","7.5825","0.006","1","qlp-s79-ffi","QLP","325.201645","84.333761","345.178","0.067","63.044","0.07","2460449.067902","0.0009621","16.2017137","0.0000168","2.696","0.316","0.978689","0.023192","901","21.3604","2.3594","0.165133","14.4646","543","58","28.2938","0.0312","5071","141.3","4.58","0.09","0.78","0.05","-0.07","0.1","0.85","0.105302","18,19,20,25,26,40,52,53,58,59,60,73,78,79","HD 207897 b","2019-12-19","2024-08-29","2024-08-31"
"268403451","1612.01","","5","5","5","5","5","5","5","116.5","123.3","317","0","0","0","KP","KP","10.0521","0.006","1","qlp-s74-ffi","QLP","277.478075","85.233321","-15.354","0.038","24.461","0.054","2460334.805905","0.0006147","2.8641388","0.0000032","2.417","0.095","10.470132","0.09054","9597","83.3868","15.5276","0.732644","591.067","1373","382","234.149","1.1875","6082","137.7","4.13","0.08","1.53","0.07","","","1.139","0.156619","18,19,20,25,26,40,47,52,53,59,60,73,74","XO-7b (arXiv:1912.02821)","2019-12-19","2024-04-01","2024-04-05"
"317507345","1615.01","","5","5","5","5","5","5","5","272.2","624","317","1","2","0","EB","FP","9.68708","0.006","1","qlp-s79-ffi","QLP","351.174718","77.627113","12.588","0.054","2.736","0.047","2460473.279498","0.000144","3.9401791","8e-7","1.991","0.148","14.555886","5.642834","13317","5183.76","25.3897","2.96422","1090.26","1600","203","260.494","2.111","7170","213.8","4.31","0.08","1.51","0.05","","","1.69","0.284802","18,19,24,25,52,58,59,73,78,79","ExoFOP FP; Retired as SB1	","2019-12-19","2024-08-15","2024-08-16"
"407394748","1623.01","","5","5","5","5","5","5","5","36","146.6","36.81","0","3","0","EB","FP","9.5287","0.006","1","qlp-s73-ffi","QLP","5.420651","77.880071","17.7","1.7","10","1.8","2460311.882875","0.0004207","0.7522775","4e-7","1.073","0.142","1.413462","0.069268","1301","63.7966","6.75509","","13651.7","","79","280.381","","7325.2","111.9","","","1.77","","","","","","18,19,24,25,52,58,59,73","consistent centroid offset towards TIC 407394747; retired as TFOP FP/NEB","2019-12-19","2024-01-31","2024-02-02"
"154927364","1647.01","","5","5","5","5","5","5","5","323.8","939.8","317","0","3","2","EB","FP","10.249","0.007","1","qlp-s74-ffi","QLP","207.874218","84.071615","-14.658","0.052","8.105","0.052","2460334.944097","0.0037434","6.9744232","0.0000244","2.124","0.561","10.022951","23.751836","9189","21638.7","37.9891","12.0492","245.906","1103","163","306.502","3.1535","5821.7","96.2","3.97","0.08","1.86","0.09","","","1.166","0.156134","14,19,20,21,26,40,41,47,53,59,60,73,74","Radius too large; follow-up suggests a low-mass binary companion; retired as FP/SB1","2020-01-29","2024-03-04","2024-03-16"
"138168780","1651.01","","5","5","5","5","5","5","5","142.3","210.9","317","0","1","2","KP","KP","9.88278","0.006","1","qlp-s79-ffi","SPOC/QLP","94.792955","73.827567","-16.643","0.055","-22.593","0.111","2460474.181987","0.0001022","3.7649949","4e-7","2.642","0.017","16.117361","0.079053","14735","72.808","17.8182","0.731822","580.386","1367","396","235.479","2.418","6724","164","4.29","0.09","1.42","0.06","","","1.432","0.259705","19,20,26,40,53,59,60,73,79","XO-6 b","2020-01-29","2024-08-29","2024-08-31"
"258829450","1654.01","","2","4","2","2","4","4","4","4.8","36.6","8.91","0","1","8","PC","PC","10.1556","0.006","1","qlp-s82-ffi","QLP","287.666559","66.768082","5.504","0.218","-18.433","0.251","2460556.910025","0.0023921","1.8347892","0.0000038","2.414","0.22","0.26278","0.010441","242","9.61606","","","","","22","304.865","12.8035","5286.9","723.2","","","","","","","","","14,15,16,17,18,19,20,21,22,24,25,26,40,41,47,48,49,50,51,52,53,54,55,56,57,58,59,60,73,74,75,76,77,79,80,81,82","L1 candidate; visual binary; no stellar radius but other parameters indicate host is likely an F star","2020-01-29","2024-11-04","2024-11-08"
"311121985","1660.01","","5","5","5","5","5","5","5","14.8","74.2","15.99","2","4","0","EB","FP","9.00007","0.006","1","qlp-s73-ffi","QLP","85.581285","49.513452","26.89","0.1","-70.465","0.082","2460309.854705","0.0023925","1.3561596","0.0000043","2.504","0.863","0.523451","0.06888","482","63.439","4.12493","0.368895","11881.9","2908","19","187.823","2.1665","6375","159.4","4","0.09","1.86","0.08","","","1.272","0.192704","19,59,73","retired as TFOP FP/NEB","2020-01-29","2024-02-08","2024-02-17"
"353782445","1664.01","","2","4","4","2","4","4","4","2.5","33.1","7.45","1","7","6","PC","PC","9.17708","0.006","1","qlp-s74-ffi","QLP","276.937885","55.755753","-11.857","0.043","27.282","0.044","2460346.106264","0.0030264","11.8351058","0.0000314","2.209","0.782","0.362696","0.03914","334","36.0482","2.63869","0.190224","146.619","969","20","143.031","0.3945","6225","193","5.06078","0.333649","1.34","0.06","","","1.17","0.167775","14,15,16,17,18,19,20,21,22,23,24,25,26,40,41,47,48,49,51,52,53,54,55,56,57,58,59,73,74","L1 candidate","2020-01-29","2024-04-01","2024-04-05"
"417705690","1668.01","","5","5","5","5","5","5","5","7.3","57.5","7.93","0","1","0","EB","FP","10.0233","0.006","1","qlp-s73-ffi","QLP","348.607533","76.93432","4.034","0.08","10.082","0.064","2460311.61688","0.0031179","2.363311","0.0000075","3.294","0.548","1.217793","0.041604","1121","38.3181","2.74038","0.16585","1379.02","1697","34","130.543","0.5625","5420","119.5","4.38","0.08","1.04","0.05","","","0.944","0.119611","19,24,25,52,58,59,73","retired as TFOP FP; potential centroid offset; minor depth-aperture correlation","2020-01-29","2024-01-31","2024-02-02"
"428679607","1669.01","","2","4","2","2","3","4","4","6.1","54.7","6.19","1","13","8","CP","PC","9.52906","0.006","1","qlp-s79-ffi","SPOC/QLP","45.956474","83.587427","91.732","0.046","-34.432","0.046","2460478.581614","0.0016937","2.6800572","0.0000043","1.789","0.455","0.508243","0.028447","468","26.2007","2.36311","0.137578","415.617","1257","23","111.276","0.3695","5550","134.2","4.37","0.08","1.07","0.05","","","0.977","0.123553","19,20,25,26,52,53,59,60,73,79","TOI-1669 c","2020-01-29","2024-08-29","2024-08-31"
"441739020","1670.01","","1","4","1","3","4","4","4","14.7","119.3","86.23","5","11","7","CP","CP","9.4682","0.006","1","qlp-s81-ffi","SPOC","259.017252","72.161181","-6.094","0.05","5.154","0.049","2460503.139235","0.0027296","40.7501444","0.0001665","5.629","0.215","6.458674","0.22014","5931","202.736","11.1028","0.517129","58.4708","770","144","168.067","0.687","6453","195","5.20004","0.374851","1.31","0.06","","","1.258","0.187763","14,15,16,18,19,20,21,22,23,24,25,26,40,41,47,48,49,50,51,52,53,55,56,57,58,59,60,73,74,75,76,77,78,79,80,81","TOI 1670 c/.01","2020-01-29","2024-08-29","2024-08-31"
"441739020","1670.02","","2","5","5","2","4","4","4","1.8","27","6.18","5","11","7","CP","CP","9.4682","0.006","2","qlp-s79-ffi","SPOC","259.017252","72.161181","-6.094","0.05","5.154","0.049","2460468.361028","0.0035706","10.9836724","0.0000417","2.636","0.92","0.342061","0.035782","315","32.9562","2.35616","0.177899","196.694","1043","16","168.067","0.687","6453","195","5.20004","0.374851","1.31","0.06","","","1.258","0.187763","14,15,16,18,19,20,21,22,23,24,25,26,40,41,47,48,49,50,51,52,53,55,56,57,58,59,60,73,74,75,76,77,78,79","TOI-1670 b / TOI 1670.02","2020-07-16","2024-08-23","2024-08-31"
"268334473","1691.01","","1","4","1","1","3","4","4","2.7","44.1","8.73","1","14","3","CP","PC","9.52636","0.006","1","qlp-s79-ffi","SPOC","272.404118","86.860343","-25.645","0.048","161.959","0.05","2460458.306487","0.0021106","16.7368995","0.00004","4.561","0.813","1.074324","0.032342","989","29.7876","2.88015","0.155867","80.3869","834","39","111.445","0.3685","5759","186.802","4.44767","0.0798184","1","0.05","","","1.031","0.143191","19,20,25,26,40,47,52,53,59,60,73,79","TOI-1691 b","2020-01-30","2024-08-29","2024-08-31"
"137500798","1705.01","","5","5","5","5","5","5","5","2.2","22.6","13.56","2","1","3","EB","FP","10.3042","0.007","1","qlp-s74-ffi","QLP","132.635012","82.92712","-4.83","0.039","-17.892","0.042","2460328.287633","0.0049085","13.2054538","0.0000768","4.875","0.47","0.699439","0.031682","644","29.1797","3.74642","0.205098","193.559","1039","19","335.518","2.892","6653","124.9","4.14","0.09","1.67","0.07","","","1.4","0.243274","19,20,26,40,47,53,59,60,73,74","possible secondary at phase 0.45; centroid offset to NW on TIC 37500799; retired as TFOP FP/NEB","2020-02-19","2024-03-04","2024-03-16"
"230377505","1706.01","","2","4","2","2","4","4","4","2.4","29.5","4.86","1","6","5","PC","PC","10.486","0.006","1","qlp-s80-ffi","SPOC/QLP","285.205602","60.233671","-15.349","0.061","-51.114","0.057","2460500.746505","0.0023792","4.5156165","0.0000112","2.592","0.564","0.494122","0.024852","455","22.8892","2.0572","0.123076","348.196","1203","24","161.185","0.657","5617","125.1","4.47","0.08","0.97","0.05","","","0.994","0.124065","14,15,16,17,18,19,20,21,22,23,24,25,26,40,41,47,49,50,51,52,53,54,56,57,58,59,60,73,74,76,78,79,80","L1 candidate; potential multi","2020-02-19","2024-08-29","2024-08-31"
"230377505","1706.02","","2","4","4","2","4","4","4","1","17.7","3.1","1","6","5","PC","PC","10.486","0.006","2","qlp-s79-ffi","SPOC","285.205602","60.233671","-15.349","0.061","-51.114","0.057","2460467.498489","0.0068716","7.4058178","0.0000487","2.698","1.005","0.41483","0.034063","382","31.3724","1.57897","0.138468","136.205","951","12","161.185","0.657","5617","125.1","4.47","0.08","0.97","0.05","","","0.994","0.124065","14,15,16,17,18,19,20,21,22,23,24,25,26,40,41,47,49,50,51,52,53,54,56,57,58,59,60,73,74,76,78,79","potential multi","2020-09-23","2024-08-29","2024-09-01"
"445805961","1710.01","","3","5","5","3","4","4","4","8.3","102.8","23.64","2","24","5","CP","CP","8.9134","0.006","1","qlp-s79-ffi","QLP","94.283837","76.21102","59.837","0.037","55.61","0.044","2460439.666809","0.0007764","24.2833782","0.0000182","5.132","0.121","3.092233","0.041189","2844","37.9357","5.21152","0.25711","30.5138","654","71","81.2271","0.17695","5675","125.8","4.46","0.08","0.98","0.05","","","1.01","0.128534","19,20,26,40,53,59,60,73,79","TOI-1710 b","2020-02-19","2024-08-29","2024-08-31"
"219857012","1742.01","","1","4","4","1","4","4","4","1.4","32.7","4.09","2","32","3","PC","PC","8.2865","0.006","1","qlp-s74-ffi","SPOC/QLP","257.328868","71.876672","24.2","0.042","63.269","0.054","2460320.525214","0.0042514","21.2690553","0.0001062","5.772","0.414","0.363783","0.010234","335","9.42565","1.85355","0.0989817","57.2472","766","31","72.8871","0.1194","5707","124.634","4.31886","0.0771701","1.16","0.06","","","1.02","0.126497","15,16,17,18,19,20,21,22,23,24,25,26,40,47,48,49,50,51,52,53,54,55,56,58,59,60,73,74","L1 candidate","2020-02-27","2024-04-01","2024-04-05"
"229455001","1744.01","","3","4","3","3","4","4","4","2.2","38.8","7.82","0","7","4","PC","PC","9.01932","0.006","1","qlp-s74-ffi","SPOC","294.291071","60.881302","-1.548","0.058","-18.707","0.049","2460310.534537","0.002569","22.3416818","0.0000789","2.693","0.738","0.524537","0.04621","483","42.5604","2.71115","0.173582","47.9146","732","23","114.39","0.415","6179","124.697","4.3969","0.0828215","1.14","0.05","","","1.181","0.164577","14,15,16,17,18,19,20,21,23,25,26,40,41,47,48,49,50,51,53,54,55,56,57,58,59,60,73,74","inconsistent centroid offset; two stars in pixel; possible unrelated dip at ~1848 TBJD","2020-02-27","2024-04-01","2024-04-05"
"229742722","1859.01","TIC 229742722.01","3","5","5","3","4","4","4","7.3","73.8","86.51","4","11","4","CP","CP","9.93689","0.006","1","qlp-s60-ffi","QLP","279.831764","69.522873","12.12","0.044","-12.156","0.041","2460503.689205","0.0011374","63.4841349","0.0000941","4.898","1.397","6.138702","0.272064","5638","250.549","11.1305","0.557028","11.9909","518","121","224.385","1.167","6415","131.3","4.26","0.09","1.4","0.06","","","1.291","0.197742","14,15,16,17,18,19,20,22,23,25,26,40,41,47,48,49,50,52,53,54,55,56,57,59,60,73,74,75,76,77,78,79,80","TOI-1859 b","2020-05-08","2024-08-26","2024-08-26"
"230075227","2077.01","","2","4","4","2","4","4","4","1.8","30.3","3.04","2","3","6","PC","PC","9.7807","0.006","1","qlp-s74-ffi","SPOC","244.376954","68.894664","-3.399","0.04","34.826","0.041","2460348.12211","0.0032453","6.1155829","0.0000235","1.941","0.77","0.349663","0.031664","322","29.1633","1.56167","0.117786","152.993","979","18","91.8282","0.17555","5284","122.558","4.54246","0.085154","0.85","0.05","","","0.91","0.117619","14,16,17,18,19,20,21,22,23,24,25,26,40,41,47,48,49,50,51,52,53,54,55,56,57,58,59,60,73,74","variable host","2020-07-15","2024-04-01","2024-04-05"
"103195323","2143.01","TIC 103195323.01","3","4","3","3","3","4","4","31.3","106.2","99.81","7","1","3","PC","PC","10.1041","0.011","1","qlp-s53-ffi","SPOC","62.572982","75.170931","-3.914","0.039","7.041","0.041","2460470.992666","0.0012764","5.5899401","0.0000079","5.032","0.327","4.177252","0.001454","3840","1.33946","12.1202","0.480443","1816.63","1818","29","378.684","3.58","7437","138.2","4.09","0.08","1.95","0.07","","","1.7","0.279341","25,26,52,53,59,73,79","pulsating host","2020-08-07","2024-08-29","2024-08-29"
"428988981","2144.01","","1","4","1","3","3","4","4","0.6","22.7","5.31","1","7","3","PC","PC","9.90667","0.006","1","qlp-s79-ffi","SPOC","350.25314","79.441782","74.093","0.041","77.67","0.036","2460434.655004","0.0048801","37.3413179","0.0001788","5.227","0.517","0.895015","0.041564","824","38.2815","2.16854","0.143204","12.6376","525","16","105.806","0.2765","5452","126.524","4.53224","0.0820865","0.88","0.05","","","0.952","0.120035","18,19,24,25,26,52,58,59,73,78,79","possible odd-even","2020-08-07","2024-08-29","2024-08-31"
"233680651","2166.01","","1","5","5","1","4","4","4","2.7","22.2","11.38","1","2","3","PC","PC","10.0788","0.007","1","qlp-s79-ffi","QLP","260.30306","63.239282","-1.186","0.062","-19.412","0.053","2460473.423375","0.003087","5.1354455","0.0000174","3.666","0.888","0.378988","0.013528","349","12.46","3.37799","0.171438","984.153","1560","28","348.554","3.466","6515","121","3.97","0.09","1.99","0.09","","","1.34","0.21614","14,15,16,17,18,19,20,21,22,23,24,25,26,40,41,47,48,49,50,51,52,53,54,55,56,57,58,59,73,74,75,76,77,78,79","slightly evolved variable host; possible odd-even","2020-08-10","2024-08-23","2024-08-31"
"154741689","2170.01","","1","4","1","1","4","4","4","1.4","20.8","5.61","2","4","4","PC","PC","10.4679","0.006","1","qlp-s79-ffi","QLP","164.313856","89.086923","12.264","0.044","-12.532","0.041","2460469.2444","0.0052983","9.2786686","0.000058","4.577","0.475","0.572334","0.026401","527","24.316","2.23168","0.131041","240.688","1097","18","206.368","1.0525","6018","138.2","4.39","0.08","1.12","0.05","","","1.113","0.149092","19,20,25,26,40,47,52,53,59,60,73,74,79","possible L1 planet; variable host","2020-08-10","2024-08-29","2024-08-31"
"293567206","2173.01","","5","5","5","5","5","5","5","15.5","90.8","11.21","2","1","1","EB","FP","10.4929","0.006","1","qlp-s73-ffi","QLP","145.799111","87.86853","-24.463","0.036","-70.699","0.038","2460311.597247","0.0015075","0.6856225","0.0000018","0.751","0.221","0.785271","0.087058","723","80.18","3.35129","0.226641","2492.49","1968","23","185.849","0.6985","5829","132.5","4.41","0.08","1.06","0.05","","","1.05","0.135379","25,26,40,47,52,59,60,73","TFOP FP/NEB","2020-08-10","2024-02-05","2024-02-17"
"264303333","2250.01","","5","5","5","5","5","5","5","2.4","4.6","1.81","2","2","3","EB","FP","10.1583","0.006","1","qlp-s75-ffi","SPOC","296.355007","67.310971","-26.099","0.041","-23.123","0.046","2460367.057256","0.0022811","0.8153098","0.0000022","1.373","0.344","0.205224","0.013686","189","12.6055","1.19041","0.0856287","2785.3","2023","15","142.086","0.433","5729","149.042","4.47487","0.0771837","0.97","0.05","","","1.023","0.13045","14,15,16,17,18,19,21,22,23,24,25,26,40,41,47,48,49,50,51,52,53,54,55,56,58,59,60,73,74,75","retired as TFOP FP/NEB; Centroid shifts likely due to low-SNR in sectors with scattered light.","2020-09-23","2024-04-22","2024-04-30"
"233688779","2254.01","","2","4","2","2","4","4","4","1.3","22.4","7.32","1","1","4","PC","PC","9.34244","0.006","1","qlp-s78-ffi","SPOC","275.393588","62.369002","-8.274","0.046","49.399","0.046","2460434.093775","0.0053535","26.4579962","0.0001322","3.119","0.954","0.420261","0.028714","387","26.4464","2.60259","0.17412","15.272","550","16","139.078","0.4345","5706","187","4.84423","0.320384","1.37","0.07","","","1.015","0.128975","14,15,16,17,18,19,20,21,22,23,24,25,26,40,41,47,48,49,50,51,52,53,55,56,57,59,60,73,75,76,77,78","L1 candidate","2020-09-23","2024-08-05","2024-08-16"
"417676091","3700.01","","3","4","3","3","3","4","4","27.9","85.6","109.97","3","1","2","PC","PC","12.8166","0.007","1","spoc-s73-b0A","FAINT","82.250858","68.481405","-2.47","0.019","1.887","0.023","2460286.353547","0.001994263","4.4184428762716","0.0006177753","3.2423131659466","0.12918812","13.474072","0.605811","12333.39146207","557.8172","12.832487681351","0.7691362","526.28682561252","1221.5897336467","21.943687","600.806","5.86","6166","129","4.41","0.09","1.119989991188","0.0528769","","","1.17","0.170811","19,59,73","found in faint-star QLP search","2021-06-23","2024-09-09","2024-10-01"
"260962960","3703.01","","3","4","3","3","3","4","4","39.3","51.8","317","2","0","1","PC","PC","12.3653","0.017","1","spoc-s73-b0A","FAINT","76.092396","44.334107","1.876","0.08","-5.63","0.066","2460286.817556","0.0021926183","3.8901335481223","0.0005857799","4.0827714736601","0.14268677","7.547806","0.324049","6927.6783584926","298.41602","19.049473631987","1.2613474","2845.1375926876","1862.7113809677","18.282343","786.966","26.313","6530","157","3.87","0.09","2.2370600700378","0.11803","","","1.35","0.214604","19,59,73","found in faint-star QLP search","2021-06-23","2024-09-09","2024-10-01"
"259506033","3705.01","","3","5","5","3","5","4","5","52.7","132.5","89.57","1","18","1","KP","KP","12.3824","0.006","1","spoc-s73-b0A","FAINT","75.480167","50.131178","-11.021","0.067","-21.44","0.063","2460286.170903","0.00091334846","1.9025031829152","0.00011595365","1.6652986337917","0.05865258","11.699615","0.354153","10717.893183588","326.13382","11.373243926622","0.7500005","959.03161290675","1419.3123454791","27.14494","338.84","4.1","5464.2","124.5","4.4","0.09","1.0259200334549","0.0609447","0.38","0.061","0.955","0.120544","19,59,73","found in faint-star QLP search; HAT-P-61 b","2021-06-23","2024-09-08","2024-10-01"
"252430813","3706.01","","3","4","3","3","1","4","4","33.1","41.6","317","1","1","0","PC","PC","13.4223","0.05","1","spoc-s59-b0A","FAINT","76.825224","59.729551","-1.981","0.035","-6.361","0.036","2460286.769995","0.0040799365","4.3701795176972","0.00083902024","3.7808821882295","0.18684071","16.410926","0.666906","15001.36321542","614.05493","15.452326479688","0.6119335","772.64939017176","1344.6689174576","20.9724","740.11","16.2615","6647.1","112","4.4","","1.2306699752808","","-0.286","0.107","1.4","","19,59,73","found in faint-star QLP search","2021-06-23","2024-09-09","2024-09-10"
"356322454","3709.01","","3","4","3","3","3","4","4","","","89.39","1","0","2","PC","PC","13.3033","0.009","1","spoc-s59-b0A","FAINT","67.795335","59.159564","2.89","2.197","-5.533","2.197","2460288.729263","0.0035005808","3.250984610538","0.0006394532","2.2931884585587","0.14046411","11.847212","0.772648","10852.369209038","711.3822","","","","","17.250647","","","","","","","","","","","","","19,59,73","found in faint-star QLP search; no stellar parameters","2021-06-23","2024-09-08","2024-09-08"
"143687316","3721.01","","3","4","3","3","3","4","4","23.8","70.4","74.62","1","0","1","PC","PC","12.6975","0.006","1","spoc-s73-b0A","FAINT","80.611594","40.425991","3.046","0.048","-16.249","0.034","2460287.522921","0.002018839","3.5411234641854","0.0004451842","3.0771407309822","0.1407287","9.526909","0.44357","8736.2229728104","408.45926","10.215035756242","0.906281","401.21473411439","1141.4685966465","18.235584","416.005","5.075","5151","168.9","4.3","0.09","1.0953199863434","0.0682236","","","0.87","0.11543","19,59,73","found in faint-star QLP search","2021-06-23","2024-09-09","2024-10-01"
"339250695","3725.01","","5","5","5","5","5","5","5","22.9","70.8","103.79","1","0","0","EB","FP","13.135","0.011","1","spoc-s73-b0A","FAINT","84.789937","60.424358","5.46","0.041","-13.931","0.041","2460287.858395","0.0044848407","4.7262208452231","0.0013113392","3.2344044084771","0.22060676","10.377959","0.757284","9512.916561914","697.2413","12.40342041376","0.6293656","454.4461913187","1177.5798523789","11.16766","587.219","10.8755","5947","122","4.36","","1.1428699493408","","","","1.09","","19,59,73","found in faint-star QLP search","2021-06-23","2024-09-09","2024-10-01"
"122695048","3726.01","","3","4","3","3","1","4","4","54.2","80.2","317","1","0","0","PC","PC","13.0789","0.011","1","spoc-s73-b0A","SPOC","77.298277","38.228572","-14.073","0.042","-5.099","0.029","2460290.432392","0.0009914031","4.8404430882223","0.00041199886","2.616604472201","0.091213174","29.759608","0.914214","27037.37712243","841.66766","17.700332013286","0.45132837","366.57367042669","1115.9893923323","29.719658","491.622","6.515","5925.1","131.8","4.43","","1.0474200248718","","-0.377","0.126","1.08","","19,59,73","found in faint-star QLP search","2021-06-23","2024-09-09","2024-10-01"
"322160664","3729.01","","3","4","3","3","1","4","4","","","317","1","1","0","PC","PC","12.9676","0.006","1","spoc-s59-b0A","FAINT","86.594255","59.521666","-3.87","2.251","-1.887","2.252","2460290.926859","0.0017757891","8.1744382153094","0.00097445585","2.6721444747015","0.11000509","24.8513","1.185673","22628.929503375","1091.449","","","158.39646036775","904.80734546515","29.345083","","","5051.3","431.6","","","","","","","","","19,59,73","V-shaped; found in faint-star QLP search; no stellar radius","2021-06-23","2024-09-06","2024-09-06"
"321436679","3733.01","","5","5","5","5","5","5","5","65.2","85.1","317","5","1","0","EB","FP","12.6396","0.013","1","spoc-s73-b0A","FAINT","83.140649","57.623092","0.18","0.035","-3.739","0.033","2460286.361991","0.0028435343","2.1263167228569","0.0003576335","2.6213684345","0.14268938","7.975132","0.504216","7318.456778886","464.2924","22.107536694266","1.4044659","6216.4494670749","2264.6722132616","15.246422","881.379","16.3","6361.4","114.5","3.83","0.09","2.2823700904846","0.11112","-0.152302","0.0259762","1.27","0.193918","19,59,73","found in faint-star QLP search","2021-06-23","2024-09-09","2024-10-01"
"105135774","3734.01","","3","4","4","3","1","4","4","46.2","44.8","317","1","0","0","PC","PC","13.3835","0.006","1","spoc-s73-b0A","FAINT","79.285641","53.723458","-5.374","2.344","-11.381","2.332","2460287.307924","0.0019776677","2.1411860354706","0.0002916828","2.7636092017388","0.13958237","10.969868","0.664223","10052.751592414","611.5845","","","1027.1214105953","1443.860365905","14.073614","","","4880.9","76.5","","","","","0.029","0.133","","","19,59,73","found in faint-star QLP search; no stellar radius; variable host","2021-06-23","2024-09-06","2024-10-01"
"98620619","3736.01","","3","4","3","3","1","4","4","41.3","60.3","317","2","0","0","PC","PC","13.3273","0.012","1","spoc-s73-b0A","FAINT","79.703512","43.815936","2.428","0.044","-1.95","0.034","2460286.244876","0.002522237","2.2091186004752","0.00037397025","3.2100501818104","0.15099671","12.926611","0.70904","11835.254258012","652.8365","20.045641842086","0.8796826","4482.4184345176","2086.881785237","15.141719","1280.39","48.49","6876","122","4.1","","1.7947100400925","","","","1.49","","19,59,73","found in faint-star QLP search","2021-06-23","2024-09-09","2024-10-01"
"281196902","3755.01","","3","4","4","3","3","4","4","24.3","85.5","76.12","3","9","1","PC","PC","12.079","0.006","1","spoc-s73-b0A","FAINT","69.747261","66.671209","-11.435","0.029","11.512","0.054","2460291.216212","0.0018303948","5.5455797734997","0.0009982702","3.1170996014824","0.15016639","8.76491","0.396216","8040.2832674015","364.86206","10.335381349782","0.75834155","238.40898289999","1002.1907807439","20.1026","322.356","2.953","5354","315.4","4.34","0.11","1.0760699510574","0.06451","","","0.926","0.156061","19,59,73","found in faint-star QLP search","2021-06-23","2024-09-09","2024-10-01"
"274545328","3767.01","","3","4","3","3","1","4","4","61.1","61.7","317","2","0","0","PC","PC","13.4784","0.043","1","spoc-s73-b0A","FAINT","69.488129","52.71623","1.887","0.047","-3.2","0.037","2460287.763305","0.0038253032","2.3907751394513","0.00058886694","4.1827898031876","0.25361767","11.799985","1.171365","10809.34255751","1078.2849","21.860664126808","1.8332431","2835.6275007808","1861.1528619288","8.64282","760.803","23.4885","5382","123","3.76","","2.0989000797272","","","","0.93","","19,59,73","found in faint-star QLP search; not quite synchronized","2021-06-23","2024-09-06","2024-10-01"
"268172361","3768.01","","3","4","3","3","3","4","4","33.6","46.1","317","2","0","1","PC","PC","12.9859","0.009","1","spoc-s59-b0A","FAINT","83.379462","45.081717","2.476","0.038","-1.383","0.03","2460286.372607","0.0018283526","2.1803153673561","0.0002644617","2.6629308075248","0.14304818","8.738361","0.299972","8016.0263872304","276.24652","18.377015374033","1.2707536","6330.1622487931","2274.9584022439","22.006554","1309.84","41.05","7166","134.8","4.04","0.09","1.9932999610901","0.100849","","","1.6","0.275706","19,59,73","found in faint-star QLP search","2021-06-23","2024-09-09","2024-09-10"
"426319499","3772.01","","3","4","3","3","3","4","4","15.1","64.5","42.31","1","0","1","PC","PC","12.6409","0.006","1","spoc-s59-b0A","QLP","86.04348","36.080653","7.481","0.047","-17.234","0.04","2460287.542966","0.0036704694","4.1689144528728","0.00059127534","2.1905198044152","0.24199954","7.715906","0.44141","7081.4201520601","406.47116","7.3156426090308","1.3284963","201.89006483549","961.38753393256","14.92673","309.143","2.5255","5119","167.1","4.49","0.09","0.87411898374557","0.05399","","","0.861","0.110088","19,59,73","found in faint-star QLP search","2021-06-23","2024-09-09","2024-09-10"
"461635621","4460.01","","1","4","1","2","3","4","4","1.5","48.8","10.18","3","2","3","PC","PC","10.3859","0.006","1","qlp-s79-ffi","QLP","19.91003","85.13439","-60.989","0.046","-16.771","0.041","2460437.031199","0.0104116","28.6648749","0.0002615","5.395","1.67","1.11345","1.17187","1025","1078.75","3.15161","1.01767","117.442","917","13","82.2168","0.1497","4818","125.8","4.65","0.09","0.69","0.05","","","0.78","0.0962705","18,19,20,25,26,40,52,53,59,60,73,79","TESS LC contaminated by red giant; L1 candidate","2021-09-09","2024-08-29","2024-08-31"
"377297285","5223.01","","3","4","4","3","3","4","4","34.6","52.3","317","4","0","1","PC","PC","13.0628","0.007","1","spoc-s14-s60-b0A-PC","FAINT","286.716198","54.612108","-5.723","0.03","-15.672","0.027","2460369.865078","0.0024759104","4.0656968187015","0.00004354478","4.2275631982742","0.06927085","14.976029","0.212357","13698.7386688","195.56935","18.708197710463","0.22975263","1207.0370102263","1503.314672471","65.11341","1027.87","13.625","6424","122","4.18","","1.5311599969864","","","","1.3","","14,15,16,19,40,41,49,56,59,60,73,74,75,76","found in faint-star QLP search","2022-02-28","2024-09-06","2024-09-06"
"335952150","5732.01","TIC 335952150.01","3","4","3","3","4","4","4","7.8","73.9","96.46","1","5","4","PC","PC","10.2071","0.008","1","qlp-s74-ffi","SPOC","265.556587","53.203935","-8.573","0.039","8.136","0.061","2460264.24567","0.0028108","60.1702823","0.0001716","3.337","1.029","2.109462","4.092187","1941","3761.95","11.9133","3.86555","29.4687","649","22","275.456","1.6505","6710","128.511","4.29122","0.0900488","1.42","0.06","","","1.43","0.247861","14,17,21,24,25,26,40,41,47,50,51,52,53,54,57,58,59,60,73,74","v-shaped","2022-08-18","2024-04-01","2024-08-07"
"239823606","6061.01","","2","4","2","2","4","4","4","1.8","33.9","2.94","0","2","4","PC","PC","8.895701","0.006","1","qlp-s59-ffi","QLP","87.169462","35.034111","43.365","0.087","-154.389","0.07","2459925.632107","0.0073304","8.1309123","0.0001656","3.313","0.918","0.339889","0.026088","313","24.0272","1.51687","0.1201","144.968","966","9","79.384","0.4607","5639","122.5","4.46","0.08","0.97","0.05","","","1","0.127632","19,43,44,45,59,73","two stars in pixel; low SNR","2023-02-08","2024-02-08","2024-02-17"
"199712572","6082.01","","2","4","4","2","4","4","4","1.6","3.3","2.27","1","3","6","PC","PC","8.793181","0.006","1","qlp-s80-ffi","SPOC","253.892198","57.227908","-8.157","0.04","78.457","0.055","2460504.761666","0.003794","3.5941651","0.0000159","1.882","0.296","0.108579","0.009414","100","8.67065","1.31196","0.102132","200.507","1048","13","103.741","0.2705","5694","187","4.95801","0.288387","1.39","0.07","","","0.975","0.119019","15,16,17,18,19,20,21,22,23,24,25,26,40,47,48,49,50,52,53,54,55,56,57,58,59,60,73,74,76,77,78,79,80","2 stars in pixel","2023-03-02","2024-08-29","2024-09-01"
"428812049","6911.01","","2","4","2","2","1","4","4","1.5","17.5","8.08","1","2","0","PC","PC","8.96016","0.006","1","qlp-s79-ffi","QLP","43.350899","83.51062","45.85","0.047","-29.624","0.044","2460450.504798","0.0313777","16.2521679","0.0004975","8.194","1.831","0.216083","0.017366","199","15.9945","2.7672","0.211285","378.338","1228","11","219.07","1.431","6696","222.3","3.89","0.09","2.24","0.1","","","1.42","0.246388","19,20,25,26,52,53,59,60,73,79","L1 candidate; two events near start of orbit and one on momentum dump possibly affecting transit shape","2024-02-15","2024-08-29","2024-08-31"
"67181830","6912.01","","2","4","2","2","3","4","4","3.4","42.6","5.58","0","3","1","PC","PC","8.5627","0.006","1","qlp-s73-ffi","QLP","83.14519","36.112303","41.981","0.086","-50.689","0.064","2460302.339448","0.0056466","7.63779","0.000053","2.251","0.466","0.345319","0.034285","318","31.5767","2.22751","0.178953","85.4903","847","9","99.7368","0.482","5924","121.9","4.24","0.08","1.31","0.06","","","1.08","0.136721","19,59,73","low SNR","2024-02-15","2024-02-15","2024-05-11"
"366302410","6986.01","","3","4","3","3","1","4","4","72.2","112.7","108.18","2","0","0","PC","PC","14.7975","0.008","1","qlp-s73-faintsearch","FAINT","75.876995","35.183943","-1.06","0.108","-49.076","0.073","2460310.606085","0.0015311","1.2117417","0.0000031","1.046","0.141","36.98075","2.848688","33487","2620.3","12.6463","0.724683","63.3975","786","20","319.82","6.2825","3521","157","4.6","0.02","0.66","0.02","","","0.636988","0.0230287","43,44,59,73","found in faint-star QLP search","2024-05-30","2024-08-22","2024-08-22"
"21035365","6987.01","","3","4","3","3","1","4","4","39.1","56.4","317","1","0","0","PC","PC","12.9994","0.009","1","qlp-s73-faintsearch","FAINT","72.630009","43.065498","1.667","0.056","-1.902","0.044","2460311.481638","0.0012792","4.6017382","0.0000096","2.615","0.206","18.850387","0.806929","17212","742.933","17.8729","0.996136","290.348","1150","27","753.271","17.197","6233","135.7","4.25","0.09","1.37","0.07","","","1.21","0.177821","19,59,73","found in faint-star QLP search","2024-05-30","2024-08-22","2024-08-22"
"70897115","6988.01","","3","4","3","3","1","4","4","5.4","29","57.34","0","0","0","PC","PC","13.1421","0.01","1","qlp-s73-faintsearch","FAINT","90.244747","62.693985","1.51","0.019","-5.631","0.022","2460291.074464","0.0081939","13.414031","0.000347","4.578","0.753","7.26612","0.479978","6670","441.978","8.766","","81.9067","838","15","587.794","7.314","5614","122","4.31","","1.16","","","","0.99","","19,59,60,73","found in faint-star QLP search","2024-05-30","2024-08-22","2024-08-22"
"261141602","6989.01","","5","5","5","5","5","5","5","23.4","73.5","30.87","3","2","0","PC","FP","11.9409","0.006","1","qlp-s73-faintsearch","FAINT","76.241952","43.258963","16.962","0.198","-18.032","0.166","2460310.065308","0.0014544","1.4956727","0.0000044","1.965","0.254","4.033392","0.197672","3708","182.046","6.10516","0.480293","658.968","1411","24","239.055","7.909","4812","159.3","4.28","0.09","1.06","0.08","","","0.779","0.0922405","19,59,73","found in faint-star QLP search","2024-05-30","2024-08-22","2024-10-28"
"259330386","6992.01","","3","4","3","3","2","4","4","4.1","58.7","15.2","0","2","1","PC","PC","10.7962","0.006","1","qlp-s73-faintsearch","FAINT","70.715328","51.527177","50.075","0.06","-72.207","0.05","2460306.67632","0.0052251","15.1389808","0.000091","2.71","1.211","1.734219","2.48244","1596","2283.8","4.03127","1.68382","67.4078","798","10","82.7081","0.31685","4448.2","107.4","4.6","0.09","0.7","0.05","-0.254","0.039","0.7","0.079758","19,59,73","found in faint-star QLP search","2024-05-30","2024-08-22","2024-09-23"
"408656366","6993.01","","3","5","5","3","1","4","4","25.7","95.3","21.85","2","2","0","PC","APC","12.2414","0.009","1","qlp-s73-faintsearch","FAINT","78.466062","68.467793","-7.355","0.03","3.576","0.038","2460312.391299","0.0017987","0.3695622","7e-7","0.446","0.187","2.174735","0.651451","2001","599.829","4.9835","0.68623","1668.78","1780","15","342.122","2.9365","5661","132.3","4.5","0.08","0.94","0.05","","","1.01","0.125681","19,59,73","found in faint-star QLP search","2024-05-30","2024-08-22","2024-10-24"
"154926644","7000.01","","3","4","3","3","1","4","4","18.3","15.6","317","0","0","0","PC","PC","12.5322","0.01","1","qlp-s74-faintsearch","FAINT","206.086781","85.112826","5.175","0.03","-4.441","0.024","2460336.036755","0.0018065","2.7897577","0.0000051","3.375","0.229","3.654216","0.099823","3360","91.9366","15.2527","0.816079","1126.92","1614","44","1238.77","25.37","5794","132.1","3.52","0.07","2.92","0.14","","","1.04","0.12127","14,19,20,21,26,40,41,47,52,53,59,73,74","found in faint-star QLP search","2024-05-30","2024-08-22","2024-08-22"
"219803922","7025.01","","3","4","3","3","2","4","4","4.1","36.9","94.14","0","12","1","PC","PC","11.3683","0.006","1","qlp-s75-faintsearch","FAINT","266.122221","62.555116","-8.548","0.044","-22.113","0.041","2460340.028469","0.0014979","66.9954225","0.0000975","2.024","0.676","5.962922","0.344612","5477","317.349","11.7213","0.650433","1.51166","308","28","429.239","4.0365","6078","119.2","4.14","0.08","1.51","0.07","","","1.137","0.1537","14,15,16,17,18,19,20,21,22,23,24,26,40,41,47,48,49,50,51,53,54,55,57,59,60,73,74,75","found in faint-star QLP search","2024-05-30","2024-08-22","2024-08-22"
"219809549","7026.01","","3","4","3","3","3","4","4","0.4","18.7","26.14","0","0","2","PC","PC","13.0172","0.006","1","qlp-s75-faintsearch","FAINT","266.836955","65.632257","2.328","0.031","-36.667","0.03","2460314.948852","0.0044186","65.5580424","0.0002627","4.167","0.42","6.950281","0.378433","6381","348.489","5.53264","","0.95388","275","16","228.15","0.7435","4340","122","4.54","","0.74","","","","0.68","","14,15,16,18,19,20,21,22,23,25,40,41,48,49,50,52,53,55,59,60,73,74,75","found in faint-star QLP search","2024-05-30","2024-08-22","2024-10-06"
"416195843","7028.01","","3","4","3","3","3","4","4","5","28.5","15.64","3","0","2","PC","PC","12.9405","0.006","1","qlp-s75-faintsearch","FAINT","287.160637","57.377572","6.131","0.03","0.613","0.031","2460420.816602","0.001957","2.4596079","0.0000046","2.168","0.228","2.38581","0.087537","2195","80.6217","4.09395","0.254357","448.314","1281","25","427.132","3.1965","5340","128.7","4.48","0.08","0.92","0.05","","","0.92","0.11586","14,15,16,17,19,20,22,23,24,25,26,40,41,47,49,50,52,53,54,55,56,57,58,59,60,73,74,75","found in faint-star QLP search","2024-05-30","2024-08-22","2024-09-20"
"376867898","7064.01","","1","4","1","1","1","4","4","0.5","13.8","5.41","0","1","0","PC","","8.47427","0.006","1","qlp-s81-376867898","QLP","276.104689","69.097768","-25.235","0.051","-32.799","0.051","2460466.125236","0.009795","61.5555962","0.0007233","6.996","1.049","0.197622","0.014812","182","13.6421","2.1796","0.153763","15.6504","554","11","144.581","0.591","6298","121.9","4.02","0.08","1.8","0.08","","","1.235","0.184556","14,15,16,17,19,20,21,22,23,24,25,26,40,41,47,49,50,52,53,54,55,56,57,58,59,60,73,74,75,76,77,79,80,81","slightly evolved host; L1 candidate","2024-10-24","2024-10-24","2024-11-08"
"235717158","7141.01","","3","4","3","3","1","4","4","11.6","46.3","28.59","0","0","0","PC","","14.2442","0.007","1","qlp-s79-faintsearch","FAINT","254.662151","83.271745","-22.902","0.075","25.437","0.101","2460478.279335","0.0023131","2.4141149","0.0000086","1.329","0.288","11.745828","0.868646","10760","799.733","5.83132","0.355162","29.5308","649","15","229.246","2.2465","3438","157","4.64","0.01","0.61","0.02","","","0.594355","0.020661","40,41,47,52,53,59,60,73,74,79","found in faint-star QLP search","2024-10-24","2024-10-23","2024-11-08"
"408548144","7143.01","","1","4","1","1","1","4","4","7.2","39","8.13","0","0","0","PC","","12.6106","0.006","1","qlp-s79-faintsearch","FAINT","92.381859","85.820703","-1.027","0.025","-70.749","0.03","2460478.124385","0.002448","1.1376981","0.0000028","1.02","0.556","1.322146","0.255261","1217","235.076","2.77467","0.379864","349.377","1204","11","177.343","0.5115","4244","128.7","4.52","0.11","0.74","0.07","","","0.664","0.0799733","19,20,25,40,47,52,53,59,60,73,74,79","found in faint-star QLP search; L1 candidate","2024-10-24","2024-10-23","2024-11-08"
"402848417","7146.01","","3","4","3","3","1","4","4","4","24.7","62.62","0","0","0","PC","","12.2041","0.012","1","qlp-s79-faintsearch","FAINT","17.742424","82.221473","7.711","0.035","-1.702","0.037","2460452.349237","0.0052186","28.4664618","0.0001736","5.958","0.614","4.642749","0.212828","4267","196.003","9.21955","0.543309","36.4134","684","20","544.981","5.9925","5888","141","4.09","0.08","1.54","0.08","","","1.07","0.137449","18,19,25,26,52,53,58,59,73,78,79","found in faint-star QLP search","2024-10-24","2024-10-23","2024-11-08"
"331619598","7151.01","","1","4","1","1","1","4","4","2.8","27","12.97","0","0","0","PC","","11.5576","0.011","1","qlp-s79-faintsearch","FAINT","69.641701","74.30934","-10.284","0.032","-7.176","0.051","2460466.65721","0.0067489","7.1467369","0.0000483","3.913","1.03","1.256924","0.08986","1157","82.7607","3.63858","0.24894","412.052","1255","13","350.869","3.5775","6252","136.8","4.4","0.09","1.15","0.05","","","1.21","0.185952","19,25,26,52,53,59,73,79","found in faint-star QLP search; L1 candidate","2024-10-24","2024-10-23","2024-11-08"
"468350765","7155.01","","1","4","1","1","1","4","4","2.7","30.3","5.31","0","0","0","PC","","11.8389","0.006","1","qlp-s79-faintsearch","FAINT","12.445448","79.287855","36.34","0.038","-9.377","0.033","2460477.353609","0.0029596","3.8949005","0.0000131","2.171","0.358","1.163447","0.081114","1071","74.706","2.15693","0.175438","116.253","914","13","144.751","0.424","4718","168.5","4.66","0.09","0.67","0.05","","","0.755","0.0972519","18,19,25,26,52,58,59,73,78,79","found in faint-star QLP search; L1 candidate","2024-10-24","2024-10-23","2024-11-08"